{
    "Castello-Visconteo": [
        [45.312376641034014, 9.498816848941937],
        "Castello Visconteo",
        4,
        "",
        "Castello_Visconteo.jpg"
    ],
    "Chiesa-di-San-Francesco": [
        [45.314617754968054, 9.507929720552477],
        "Chiesa di San Francesco",
        4,
        "",
        "chiesa_san_francesco.jpeg"
    ],
    "Duomo-di-Lodi": [
        [45.314214319510235, 9.503150096251492],
        "Duomo di Lodi",
        4,
        "",
        "Lodi_Duomo_facciata.jpg"
    ],
    "Faustina-Sporting-Club": [
        [45.300695861177324, 9.506869003676572],
        "Faustina Sporting Club",
        4,
        "",
        "faustina.png"
    ],
    "Monumento-alla-Resistenza": [
        [45.31043780366223, 9.501946341831502],
        "Monumento alla Resistenza",
        4,
        "",
        "monumento_alla_Resistenza.jpg"
    ],
    "Museo-della-Stampa": [
        [45.31796325796598, 9.502647436164928],
        "Museo della Stampa",
        4,
        "",
        "lodi_museo_della_stampa.jpg"
    ],
    "Museo-dello-Strumento-Musicale-&-della-Musica": [
        [45.30701338770822, 9.50199549913424],
        "Museo dello Strumento Musicale & della Musica",
        4,
        "",
        "museo_dello_strumento_musicale_e_della_musica.jpg"
    ],
    "Museo-di-Paolo-Gorini": [
        [45.3138348117735, 9.508056454515657],
        "Museo di Paolo Gorini",
        4,
        "",
        "museo-paolo-gorini-lodi.jpg"
    ],
    "Palazzetto-Palacastellotti": [
        [45.297359483089814, 9.510770296119013],
        "Palazzetto Palacastellotti",
        4,
        "",
        "palacastellotti.jpg"
    ],
    "Parco-Adda-Sud": [
        [45.314040272551736, 9.498271300674975],
        "Parco Adda Sud",
        4,
        "",
        "Parco_adda_sud.jpg"
    ],
    "Parco-Isola-Carolina": [
        [45.315097006869266, 9.498896680791935],
        "Parco dell'Isola Carolina",
        4,
        "",
        "isola_carolina.jpg"
    ],
    "Parco-Villa-Braila": [
        [45.30376301489828, 9.508691843847435],
        "Parco Villa Braila",
        4,
        "",
        "villa_Braila.jpg"
    ],
    "Stadio-Dossenina": [
        [45.30739132224016, 9.495022000717784],
        "Stadio Dossenina",
        4,
        "",
        "Stadio_Dossenina.jpg"
    ],
    "Teatro-Alle-Vigne": [
        [45.31506910520015, 9.506154729318768],
        "Teatro Alle Vigne",
        4,
        "",
        "Teatro-alle-Vigne.jpg"
    ],
    "Teatro-civico-Incoronata": [
        [45.31465971960593, 9.502055674244136],
        "Teatro Civico dell'Incoronata",
        4,
        "",
        "TempioIncoronata.jpg"
    ],
    "Torrione-di-Lodi": [
        [45.3126397552172, 9.498001343678204],
        "Torrione di Lodi",
        4,
        "",
        "torrione.jpg"
    ]
}